run_id,proximity_weight,sparsity_weight,diversity_weight,l0_penalty_weight,ordering_penalty,proximity,sparsity,diversity_mean_pairwise_l1,diversity_stddev
1,0.1,0.1,0,0,1,924.684704636129,928.0,1.6610844418764603,1.1038984182259657
2,0.1,0.1,0,0,10,922.4485812843028,928.0,2.267912872130798,1.100487772390285
3,0.1,0.1,0,0,100,621.3035671780842,927.8,228.3300834776269,37.37194108588735
4,0.1,0.1,0,1,1,622.1738024851632,927.7,229.8425386073457,38.12429935681445
5,0.1,0.1,0,1,10,921.2928137646808,928.0,2.5272552943420457,1.584001200522676
6,0.1,0.1,0,1,100,923.3945666186394,928.0,2.250627793187431,1.3528513071927972
7,0.1,0.1,0,10,1,921.3443494630998,928.0,2.892001611440276,1.7047246131760616
8,0.1,0.1,0,10,10,669.2421028046604,927.9,201.0327653598592,58.62551193977383
9,0.1,0.1,0,10,100,923.2029756854714,928.0,2.5670777499217774,1.399366296897718
10,0.1,0.1,0,100,1,653.6909594081357,927.8,220.98420566601288,29.584458478363864
11,0.1,0.1,0,100,10,920.8069658903564,928.0,2.847860396474075,1.152536690910237
12,0.1,0.1,0,100,100,920.8406796841156,928.0,2.333303829144145,1.156615579629135
13,0.1,0.1,1,0,1,916.1246868901752,928.0,4.39331180494654,2.148874756578025
14,0.1,0.1,1,0,10,646.2160857839473,927.9,213.6857803928914,41.19901711259968
15,0.1,0.1,1,0,100,923.579195003284,928.0,1.711288508547109,1.355812616012248
16,0.1,0.1,1,1,1,924.283009989738,928.0,1.5576150888437323,1.1099614422359625
17,0.1,0.1,1,1,10,920.2228493221168,928.0,2.689401700826828,1.51708352007055
18,0.1,0.1,1,1,100,923.3043748060196,928.0,2.491783637324468,1.7144319760823326
19,0.1,0.1,1,10,1,925.7003208084554,928.0,1.2390583964810673,0.6874565291557219
20,0.1,0.1,1,10,10,627.3280005924801,927.8,232.35618773358297,33.0970349412685
21,0.1,0.1,1,10,100,918.9060527780772,928.0,3.1236330270777484,2.239231608175168
22,0.1,0.1,1,100,1,925.3631547105942,928.0,1.4340317219418772,0.8192139816277338
23,0.1,0.1,1,100,10,922.9623074362356,928.0,1.8472626280806383,1.1094921037558132
24,0.1,0.1,1,100,100,923.6287631262549,928.0,1.7808662707346523,0.7525696786357461
25,0.1,0.1,5,0,1,918.7381741354864,928.0,3.459324559144459,1.7530167832414087
26,0.1,0.1,5,0,10,921.1547198000666,928.0,4.211173732456599,1.5503635971432832
27,0.1,0.1,5,0,100,920.44813056946,928.0,3.177897509004568,1.4594299774410588
28,0.1,0.1,5,1,1,923.4094861620654,928.0,2.20630923539214,1.177657305493056
29,0.1,0.1,5,1,10,632.162787967854,928.0,215.4957345371736,41.0300167998043
30,0.1,0.1,5,1,100,648.5570928371773,927.7,214.07811416370484,39.90872689469864
31,0.1,0.1,5,10,1,920.5765218903504,928.0,2.6150033926192835,1.2471830398855313
32,0.1,0.1,5,10,10,922.4339049447924,928.0,2.792028024742599,1.592132519014316
33,0.1,0.1,5,10,100,665.6534948414406,927.6,211.0625267718759,47.51763568849247
34,0.1,0.1,5,100,1,653.584335893613,927.8,193.6511122652624,41.164216249003296
35,0.1,0.1,5,100,10,922.435857432169,928.0,2.1668532658717536,1.0047477209210691
36,0.1,0.1,5,100,100,621.8584484152145,927.7,222.02524339660016,31.576560083572776
37,0.1,0.1,10,0,1,920.9346213565452,928.0,3.3777193544405804,1.2021491623507432
38,0.1,0.1,10,0,10,614.9767122729044,927.9,229.1686082848259,42.11846415626376
39,0.1,0.1,10,0,100,917.412802774005,928.0,4.604075504113682,1.3507021289672794
40,0.1,0.1,10,1,1,921.7419590440264,928.0,1.9975432190893765,1.0790545818352548
41,0.1,0.1,10,1,10,922.883943834804,928.0,2.9736414460146414,1.0002764849328782
42,0.1,0.1,10,1,100,924.2686959716788,928.0,1.9777777777777776,0.9542626912703952
43,0.1,0.1,10,10,1,920.690509400824,928.0,2.3993124198979463,1.3585098420411632
44,0.1,0.1,10,10,10,918.8070202863594,928.0,4.527029086318214,1.99149806854446
45,0.1,0.1,10,10,100,921.9137104024956,928.0,2.7938411274143724,1.0936810895746023
46,0.1,0.1,10,100,1,647.9652548619972,927.3,203.43484429970272,38.09104779052336
47,0.1,0.1,10,100,10,920.4447390041528,928.0,3.0739030323656467,1.593123280827166
48,0.1,0.1,10,100,100,622.0780926576952,926.8,230.0941519060524,34.44132220969603
49,0.1,1.0,0,0,1,923.1073778218268,928.0,2.5446486559447563,1.0669282465174144
50,0.1,1.0,0,0,10,921.7260427323984,928.0,3.110109351444255,1.204981087490164
51,0.1,1.0,0,0,100,920.051472999244,928.0,4.742867470167975,1.4994674199569011
52,0.1,1.0,0,1,1,923.0028271015572,928.0,2.7701337043974514,1.1007045659521044
53,0.1,1.0,0,1,10,637.8249540464825,927.8,223.3303179132873,34.803128078944454
54,0.1,1.0,0,1,100,625.663332572183,928.0,239.25736456012035,34.38074781696314
55,0.1,1.0,0,10,1,917.1064556404176,928.0,6.1202756936780185,1.7272936272408714
56,0.1,1.0,0,10,10,920.9160883747014,928.0,3.1006315304091903,1.604057877678522
57,0.1,1.0,0,10,100,921.2927683049536,928.0,2.91364116111419,1.7172351025616035
58,0.1,1.0,0,100,1,654.6603790832526,927.4,216.6821660236291,46.68620244731741
59,0.1,1.0,0,100,10,923.1104937237758,928.0,1.8280856053943129,0.6401951933043148
60,0.1,1.0,0,100,100,618.3768243012494,927.6,231.3535491105783,37.120519158164754
61,0.1,1.0,1,0,1,923.9568149813092,928.0,1.735811583102472,0.6549007648812676
62,0.1,1.0,1,0,10,620.6554059282064,927.8,230.1195929080008,32.4587175477172
63,0.1,1.0,1,0,100,924.3337820064692,928.0,2.298990347953705,0.945643756679712
64,0.1,1.0,1,1,1,921.2804167630976,928.0,2.55437481251806,1.3354125137019632
65,0.1,1.0,1,1,10,643.4764553184871,928.0,218.02852610531804,32.83663968358081
66,0.1,1.0,1,1,100,920.1020334815472,928.0,3.176794660956382,1.3504587013885714
67,0.1,1.0,1,10,1,924.961469661748,928.0,2.051908711279701,0.7991763208865772
68,0.1,1.0,1,10,10,652.3543107683494,928.0,221.6519994760324,39.412671154019385
69,0.1,1.0,1,10,100,919.8876319225894,928.0,4.4,1.5549205052920805
70,0.1,1.0,1,100,1,623.9492658600604,927.7,227.2173004840376,32.91192150654446
71,0.1,1.0,1,100,10,919.719048340752,928.0,3.055564020634292,1.6395434581853254
72,0.1,1.0,1,100,100,618.567506616891,927.6,230.4424355678574,38.23293387467213
73,0.1,1.0,5,0,1,642.9980853252684,928.0,228.2724888245752,36.051282301443386
74,0.1,1.0,5,0,10,635.7797596880183,927.8,224.6497442741312,33.58942006181622
75,0.1,1.0,5,0,100,634.3441883595376,927.1,229.19127756976144,39.1059046171715
76,0.1,1.0,5,1,1,922.330926279759,928.0,2.8564032248440543,1.2609429882302663
77,0.1,1.0,5,1,10,653.8383995662459,928.0,222.31889789075467,34.38565545277411
78,0.1,1.0,5,1,100,921.2565054509054,928.0,2.7790348715039537,1.824490588829225
79,0.1,1.0,5,10,1,671.1805710034757,927.4,211.985831946036,47.22910177437746
80,0.1,1.0,5,10,10,923.2981680627714,928.0,2.866333833083064,1.3940008459165412
81,0.1,1.0,5,10,100,922.677544173112,928.0,1.714805563138978,1.0092665019746794
82,0.1,1.0,5,100,1,922.8854560582664,928.0,2.119963807027791,1.010808164782125
83,0.1,1.0,5,100,10,919.8526429916652,928.0,3.3141407600948094,1.5075335666828298
84,0.1,1.0,5,100,100,919.718207780195,928.0,3.622865048761268,1.2818519845528316
85,0.1,1.0,10,0,1,923.6524054016776,928.0,2.525527223991136,1.1703969711636653
86,0.1,1.0,10,0,10,922.1017299809944,928.0,2.8561895280052965,1.7079827727836558
87,0.1,1.0,10,0,100,923.401205474391,928.0,2.0382624846025923,0.9808088007653836
88,0.1,1.0,10,1,1,920.8338741100156,928.0,3.449026765270981,2.5269711783525985
89,0.1,1.0,10,1,10,923.9229778053468,928.0,1.855360760402038,0.8888094872124039
90,0.1,1.0,10,1,100,920.8176093755268,928.0,2.525846462170656,1.175981627563981
91,0.1,1.0,10,10,1,918.5297683141188,928.0,4.348751942959572,1.9106340665688832
92,0.1,1.0,10,10,10,922.521005301344,928.0,2.3885136472762034,1.1029340248912505
93,0.1,1.0,10,10,100,629.6416172708755,927.5,220.33996381803,43.94729001888827
94,0.1,1.0,10,100,1,664.2192755716379,927.6,194.76485716278657,52.195661891008754
95,0.1,1.0,10,100,10,921.4195271451464,928.0,2.867164827049834,1.445893393655692
96,0.1,1.0,10,100,100,920.5394749215008,928.0,3.533333333333333,1.6275407487644935
97,0.1,10.0,0,0,1,925.5131748608746,928.0,1.7251712397736678,1.1006177477598469
98,0.1,10.0,0,0,10,919.7038069388036,928.0,3.233924725927119,1.6820838801704951
99,0.1,10.0,0,0,100,922.298261831142,928.0,2.3036477350571354,0.7816091155076028
100,0.1,10.0,0,1,1,920.6940398811556,928.0,3.618353041537703,1.2838597830623149
101,0.1,10.0,0,1,10,674.8820620982749,927.9,212.11889164184484,53.85288307152455
102,0.1,10.0,0,1,100,637.2715392925705,927.1,222.3718833301036,43.54712840635991
103,0.1,10.0,0,10,1,923.3869927937868,928.0,2.0831706643616963,0.950659211675243
104,0.1,10.0,0,10,10,631.9906249916196,927.8,234.71768237909427,39.93323291143237
105,0.1,10.0,0,10,100,631.7701448739683,927.6,229.525971529791,34.46333565097998
106,0.1,10.0,0,100,1,637.7194768664594,927.9,228.4324138260229,42.24726240881086
107,0.1,10.0,0,100,10,920.8548013757484,928.0,2.5578809553410338,1.3588849952053674
108,0.1,10.0,0,100,100,925.1588927232036,928.0,2.1333333333333333,0.9994644062624084
109,0.1,10.0,1,0,1,923.3120763417646,928.0,1.7033999535571496,0.952101742576252
110,0.1,10.0,1,0,10,918.4447006448833,928.0,4.593521700468925,1.450795942890044
111,0.1,10.0,1,0,100,918.4936632122711,928.0,3.6828718135748777,1.2797678585671888
112,0.1,10.0,1,1,1,923.6394306243948,928.0,1.9446369340726035,0.9014604679521612
113,0.1,10.0,1,1,10,919.0655518516102,928.0,4.836013480379393,1.7520151234047534
114,0.1,10.0,1,1,100,923.0065312354554,928.0,2.034359352738064,1.0857733457933414
115,0.1,10.0,1,10,1,653.4421386291955,927.6,217.8384506428795,39.46851645211082
116,0.1,10.0,1,10,10,619.3386574594131,927.6,228.1126998150524,37.81634813980912
117,0.1,10.0,1,10,100,923.545246391366,928.0,2.688159035238612,1.0474737014939768
118,0.1,10.0,1,100,1,923.0169049141934,928.0,2.825114037032648,1.2134024896752096
119,0.1,10.0,1,100,10,923.1284400647428,928.0,1.805404868171645,0.8990702546133003
120,0.1,10.0,1,100,100,924.0093384979472,928.0,1.728423152903139,0.9771819873841272
121,0.1,10.0,5,0,1,652.4652788677926,928.0,206.1493886381554,56.89098232937995
122,0.1,10.0,5,0,10,922.4590361573516,928.0,1.9661421624391409,0.7578258291537123
123,0.1,10.0,5,0,100,921.4175377620428,928.0,2.459431014614664,1.2220558356279072
124,0.1,10.0,5,1,1,923.766072715742,928.0,2.152820010063267,0.9568204982596664
125,0.1,10.0,5,1,10,922.2144541202354,928.0,2.3913337858552093,1.1721284888429346
126,0.1,10.0,5,1,100,917.5658123433462,928.0,3.77638022704021,2.135488450136926
127,0.1,10.0,5,10,1,922.667091213644,928.0,2.4963834069946294,1.107650250971365
128,0.1,10.0,5,10,10,651.7932486843544,927.9,222.5137830407672,39.419760456371016
129,0.1,10.0,5,10,100,596.3293636567348,927.8,244.126023652297,43.14976661025411
130,0.1,10.0,5,100,1,647.0207583358538,927.7,216.08521896297816,45.49580915925209
131,0.1,10.0,5,100,10,923.2786755764264,928.0,2.1582088070835543,1.0478814531339655
132,0.1,10.0,5,100,100,923.6868160165252,928.0,2.2213983827363504,0.8637691466943083
133,0.1,10.0,10,0,1,644.345498971917,928.0,222.8836015976761,45.82278567541965
134,0.1,10.0,10,0,10,923.67175663381,928.0,2.51929912203072,1.2886228027650226
135,0.1,10.0,10,0,100,924.0326735238924,928.0,1.5275321865699405,0.7462049066432512
136,0.1,10.0,10,1,1,921.2165476394936,928.0,4.188512666846915,1.6770808800805366
137,0.1,10.0,10,1,10,920.965721218218,928.0,3.4263703036056734,1.2479902780654453
138,0.1,10.0,10,1,100,642.7328914567657,927.7,207.58514379385448,38.67947435462221
139,0.1,10.0,10,10,1,622.6800940318652,927.9,229.45024984251208,39.798627325279206
140,0.1,10.0,10,10,10,922.294980321771,928.0,2.209101503186916,0.9959039810520126
141,0.1,10.0,10,10,100,919.3894452441727,928.0,3.917038019908196,1.423181340457179
142,0.1,10.0,10,100,1,918.1856671891989,928.0,5.004312897235625,1.779256305042222
143,0.1,10.0,10,100,10,673.0071870609925,927.8,208.42752696062703,36.40314454873495
144,0.1,10.0,10,100,100,923.3848394608892,928.0,2.6605576755431857,1.2996064073062492
145,0.1,100.0,0,0,1,923.2661361896476,928.0,1.7418418001118867,0.8543822563298937
146,0.1,100.0,0,0,10,920.9979535216676,928.0,2.9692678083807915,1.2602715240104412
147,0.1,100.0,0,0,100,918.8490250530342,928.0,3.815847172940505,1.2961016274126933
148,0.1,100.0,0,1,1,922.1510046962328,928.0,2.3638482939960297,0.9269834135663612
149,0.1,100.0,0,1,10,922.9222859249276,928.0,2.8732802051845736,1.1480246683509918
150,0.1,100.0,0,1,100,921.4926238460482,928.0,2.582026909222964,1.8181150498795
151,0.1,100.0,0,10,1,917.087445683914,927.9,5.833455541778656,1.9448213842277573
152,0.1,100.0,0,10,10,919.590192012303,928.0,3.4547688544990107,1.839229408276846
153,0.1,100.0,0,10,100,923.2006160740726,928.0,2.6968705984092014,1.4704816572691255
154,0.1,100.0,0,100,1,920.9986013671418,928.0,2.3979564764192225,1.5179438264552914
155,0.1,100.0,0,100,10,922.202364925119,928.0,3.0879452617597845,1.7662254576188825
156,0.1,100.0,0,100,100,919.351682219232,928.0,3.5622147687879444,1.542464254363857
157,0.1,100.0,1,0,1,918.1458064785154,928.0,3.804945976139366,1.669412354422844
158,0.1,100.0,1,0,10,921.131091665078,928.0,3.336340283003888,1.4730408668269983
159,0.1,100.0,1,0,100,634.7079954254353,927.6,219.58815820379616,44.832550804708376
160,0.1,100.0,1,1,1,923.1859065184442,928.0,2.373074709122734,0.9548370168660184
161,0.1,100.0,1,1,10,923.7603330244938,928.0,1.7678616542901804,1.3499021003431446
162,0.1,100.0,1,1,100,923.5900309163916,928.0,2.311111111111111,0.8385761006272536
163,0.1,100.0,1,10,1,618.3616915009668,926.6,226.50482238836432,27.317060211258124
164,0.1,100.0,1,10,10,923.4187634661356,928.0,2.0407119809061336,0.9302803756378374
165,0.1,100.0,1,10,100,635.1399053458551,926.9,222.24732287308203,30.35215459514617
166,0.1,100.0,1,100,1,921.630094542255,928.0,2.7268136534587137,1.6278041751174934
167,0.1,100.0,1,100,10,917.7182446792652,928.0,3.5416241036512,1.084129182700902
168,0.1,100.0,1,100,100,923.7816831178958,928.0,2.578458106299706,1.2106724103877242
169,0.1,100.0,5,0,1,622.6587645215701,927.8,235.7146037518349,37.09244901186691
170,0.1,100.0,5,0,10,645.9208388008285,927.5,224.87209570772592,39.10338138596501
171,0.1,100.0,5,0,100,637.4547280809071,927.7,221.31851063996007,42.28710548847239
172,0.1,100.0,5,1,1,919.3273956290236,928.0,4.564115262338024,1.833519300771287
173,0.1,100.0,5,1,10,925.1374572361776,928.0,2.015555686869031,0.8836148344292813
174,0.1,100.0,5,1,100,922.6938183630552,928.0,2.0155285892018786,1.1459335809863236
175,0.1,100.0,5,10,1,920.0824068130662,928.0,3.681907784517733,1.4116969157841972
176,0.1,100.0,5,10,10,920.60400142066,928.0,3.774657144230677,1.6030073174795092
177,0.1,100.0,5,10,100,649.3038352998071,927.6,204.4463965176302,45.92268915237271
178,0.1,100.0,5,100,1,925.6544613070812,928.0,1.1274715201195755,0.7476988964396576
179,0.1,100.0,5,100,10,607.1494227471894,927.8,238.59354093821523,39.71539878438828
180,0.1,100.0,5,100,100,919.7134134663604,928.0,3.7792025188290617,1.3030000958337191
181,0.1,100.0,10,0,1,613.9668077407737,927.7,228.7014778460204,35.60880832791108
182,0.1,100.0,10,0,10,637.7611370489255,927.9,223.8362534587088,41.18841978747624
183,0.1,100.0,10,0,100,651.8827687686417,927.8,207.85911287866023,45.18850610536033
184,0.1,100.0,10,1,1,924.061552164922,928.0,1.6017795876354073,1.0463608806386309
185,0.1,100.0,10,1,10,911.3021527405336,928.0,8.754293545735663,2.494125287304304
186,0.1,100.0,10,1,100,918.3630819468126,928.0,5.4567308494029945,1.8017662705984847
187,0.1,100.0,10,10,1,919.8078555734804,928.0,3.022731377929613,1.28800945309012
188,0.1,100.0,10,10,10,600.4537274398713,926.1,234.29301731042065,40.842384712658045
189,0.1,100.0,10,10,100,627.9744882244911,927.5,228.79856923038403,40.63924910447668
190,0.1,100.0,10,100,1,652.2702887531119,927.8,211.9580970335604,51.78772466681002
191,0.1,100.0,10,100,10,922.5173945384096,928.0,2.555555555555556,1.1066577420434427
192,0.1,100.0,10,100,100,922.9070458998724,928.0,2.7111111111111112,1.2757955639473175
193,1.0,0.1,0,0,1,924.882230388292,928.0,2.0347893594593844,1.1343567634933058
194,1.0,0.1,0,0,10,916.502878480602,928.0,6.864863338541844,2.145473267766099
195,1.0,0.1,0,0,100,921.1349436135891,928.0,2.8076479918687447,1.5359090133819933
196,1.0,0.1,0,1,1,922.3432463352672,928.0,3.0121985454900715,1.1614385913690624
197,1.0,0.1,0,1,10,924.5589051249668,928.0,2.980903481515582,1.2285604852383765
198,1.0,0.1,0,1,100,632.3281196208509,928.0,222.0454865139164,37.10110544505829
199,1.0,0.1,0,10,1,918.8376318852564,928.0,3.79084439140433,1.6044551466110626
200,1.0,0.1,0,10,10,632.6238403338687,928.0,225.15128161958177,41.76234068352019
201,1.0,0.1,0,10,100,922.9222857743468,928.0,2.4124289582995884,0.9048115853776764
202,1.0,0.1,0,100,1,629.8065413350654,927.9,228.27690532345,35.697822508312235
203,1.0,0.1,0,100,10,916.9516562004094,928.0,5.913213052315905,2.3957014100919656
204,1.0,0.1,0,100,100,923.318964259784,928.0,2.3942246902272526,0.9017630752562176
205,1.0,0.1,1,0,1,922.1652445332312,928.0,2.1546377758144657,1.2826577847187122
206,1.0,0.1,1,0,10,653.8125093682169,927.4,214.7893635139241,34.48363445803587
207,1.0,0.1,1,0,100,626.9067424448413,927.5,223.28410897901583,40.71836637775562
208,1.0,0.1,1,1,1,919.323394919162,928.0,3.458258051750556,1.2448686763636507
209,1.0,0.1,1,1,10,626.5838696195221,927.5,231.96159161730267,36.1203566936768
210,1.0,0.1,1,1,100,638.4794087634539,927.9,226.92512014074487,34.596081949125
211,1.0,0.1,1,10,1,924.735382630852,928.0,1.5657075165412389,0.7961922539416877
212,1.0,0.1,1,10,10,643.8004903870141,927.9,226.260247303892,39.73287803570974
213,1.0,0.1,1,10,100,920.296761992884,928.0,2.977201728148887,1.245866880783672
214,1.0,0.1,1,100,1,923.2113564736268,928.0,2.1163489627068435,1.079209841661137
215,1.0,0.1,1,100,10,632.5721941083493,927.8,228.2034949550333,40.09244093809488
216,1.0,0.1,1,100,100,924.756623760542,928.0,1.7846604198469938,0.9099433427758188
217,1.0,0.1,5,0,1,919.7016977543016,928.0,4.552690676695764,1.7446269907107417
218,1.0,0.1,5,0,10,917.5286760300784,928.0,4.122103021675983,1.3260874706253312
219,1.0,0.1,5,0,100,635.8312989136984,927.6,224.2568380235352,21.49661733028692
220,1.0,0.1,5,1,1,923.2339860309884,928.0,2.049894799381598,1.1703811771407089
221,1.0,0.1,5,1,10,922.9765439666523,928.0,2.923231646194718,1.623479429984516
222,1.0,0.1,5,1,100,921.0871865395002,928.0,2.7870190618154016,1.028336256830866
223,1.0,0.1,5,10,1,634.0185403404937,927.4,224.9471668068957,52.09906097399202
224,1.0,0.1,5,10,10,646.0079247499897,927.5,217.5199553801301,35.401279952508354
225,1.0,0.1,5,10,100,924.9924756542296,928.0,2.050998345456989,0.986406078414108
226,1.0,0.1,5,100,1,922.7498494355634,928.0,3.1134790577242533,1.2677144785451944
227,1.0,0.1,5,100,10,923.8041662200944,928.0,1.50722446771297,0.8532935514955726
228,1.0,0.1,5,100,100,920.6680548314588,928.0,3.2302075177887817,2.128165307729998
229,1.0,0.1,10,0,1,917.5975465500428,928.0,4.598627591640281,1.772816923915903
230,1.0,0.1,10,0,10,924.2193622672552,928.0,1.8429254397191803,1.2569411659329492
231,1.0,0.1,10,0,100,924.741783383601,928.0,1.876519290830379,0.9704566234065916
232,1.0,0.1,10,1,1,919.4494265385224,928.0,4.676424232602302,1.6309637250885995
233,1.0,0.1,10,1,10,923.9488889356338,928.0,1.9476493035200169,0.8271606503855836
234,1.0,0.1,10,1,100,923.1013168989582,928.0,1.6997100144964217,0.8157864859295111
235,1.0,0.1,10,10,1,921.1420585029576,928.0,3.0768361708525687,1.4028331886636145
236,1.0,0.1,10,10,10,924.0249767810186,928.0,1.5308792335676262,1.2241499843812331
237,1.0,0.1,10,10,100,916.9158667162168,928.0,5.312993543410608,2.7448125807441253
238,1.0,0.1,10,100,1,920.8846390144192,928.0,3.0529067217741,1.5327283322829002
239,1.0,0.1,10,100,10,621.038799247757,927.8,230.9320250320927,37.93686992144816
240,1.0,0.1,10,100,100,922.5635643849542,928.0,2.1777777777777776,0.708327886689299
241,1.0,1.0,0,0,1,922.1536948540648,928.0,2.818913591657991,1.1788243107255971
242,1.0,1.0,0,0,10,635.360239631304,927.9,220.0599489388347,31.43599578901877
243,1.0,1.0,0,0,100,919.528876222348,928.0,3.131074263073784,1.75066548253642
244,1.0,1.0,0,1,1,654.1081348447963,928.0,213.9976263971964,35.81368723289338
245,1.0,1.0,0,1,10,920.2891973660938,928.0,3.372484381900964,1.7145098471142957
246,1.0,1.0,0,1,100,648.3733108853968,927.2,221.0383554532229,24.175029646405747
247,1.0,1.0,0,10,1,650.5260851670525,927.6,222.66342971360217,35.949869609410364
248,1.0,1.0,0,10,10,922.0769502411335,928.0,2.3714820219490176,1.1008225784890315
249,1.0,1.0,0,10,100,618.594917019587,927.5,226.1252100100697,34.86424247672608
250,1.0,1.0,0,100,1,920.0859061141998,928.0,4.93319426166254,1.355717864067021
251,1.0,1.0,0,100,10,922.2412947754386,928.0,2.025283608680464,1.1068790454665516
252,1.0,1.0,0,100,100,628.082028916559,927.4,233.137230954732,32.811943116832296
253,1.0,1.0,1,0,1,640.4975350543777,927.9,219.34918029577705,26.566068011304896
254,1.0,1.0,1,0,10,649.9821560967459,927.2,196.78826418901068,52.455293090016994
255,1.0,1.0,1,0,100,919.7592240208407,928.0,3.9391848048463936,1.5314484413191194
256,1.0,1.0,1,1,1,918.635505709149,928.0,5.174047660011449,1.7583238441896831
257,1.0,1.0,1,1,10,652.5537613457526,927.8,216.85852035947968,40.28428926021309
258,1.0,1.0,1,1,100,919.2658567231643,928.0,3.129509298648537,1.2960548136007342
259,1.0,1.0,1,10,1,914.3982312350666,928.0,6.773431823114284,2.0120268242380783
260,1.0,1.0,1,10,10,656.5099896299491,927.8,214.1530765995398,40.78107581252167
261,1.0,1.0,1,10,100,920.3531813526744,928.0,2.963034820191189,1.2680752836024072
262,1.0,1.0,1,100,1,924.5282372634614,928.0,1.248701587814692,0.6960911710574647
263,1.0,1.0,1,100,10,916.1940545400588,928.0,6.9825798881993375,2.057908766937143
264,1.0,1.0,1,100,100,919.1173113744204,928.0,3.965065599434155,1.6230747199260962
265,1.0,1.0,5,0,1,924.4985066283384,928.0,2.2222222222222223,1.0086049527031302
266,1.0,1.0,5,0,10,633.8715729669204,927.7,207.6064911523915,35.555667334941226
267,1.0,1.0,5,0,100,922.5018007704282,928.0,1.890464428457234,0.8487033308598241
268,1.0,1.0,5,1,1,925.1126913918326,928.0,1.2444552050564115,0.7484981434051912
269,1.0,1.0,5,1,10,921.7502402913552,928.0,2.33031671493538,1.4708598120126517
270,1.0,1.0,5,1,100,629.6887633555425,927.6,218.55042784472604,42.62897960830243
271,1.0,1.0,5,10,1,609.2838566474319,927.3,222.3722912765841,40.3110775450884
272,1.0,1.0,5,10,10,649.0019026051939,928.0,220.00623281816263,42.65023205811033
273,1.0,1.0,5,10,100,923.8889350734286,928.0,1.3775041876899203,0.760553436823733
274,1.0,1.0,5,100,1,921.5890393673996,928.0,2.5333497351822207,1.1551994857948704
275,1.0,1.0,5,100,10,916.1589592970402,928.0,6.891393360221316,2.0166211965900303
276,1.0,1.0,5,100,100,594.4766895838034,926.7,232.19441533303905,37.66369712888317
277,1.0,1.0,10,0,1,922.9538973999976,928.0,2.122751322751322,0.9134573947210398
278,1.0,1.0,10,0,10,923.4425439936916,928.0,2.075576367927062,1.0101376211951107
279,1.0,1.0,10,0,100,919.961966894163,928.0,4.615084912911959,1.791203882452607
280,1.0,1.0,10,1,1,921.9864281797296,928.0,3.953855116570813,1.3468992657986578
281,1.0,1.0,10,1,10,924.5364286513726,928.0,1.572401812936755,0.6053654913925975
282,1.0,1.0,10,1,100,639.101399639904,927.6,216.64549458745904,39.61616535350225
283,1.0,1.0,10,10,1,922.4411833663056,928.0,3.2570593997468014,1.0605570631698316
284,1.0,1.0,10,10,10,652.2585594388762,927.2,203.38900761073072,32.16777175476965
285,1.0,1.0,10,10,100,920.1499338050976,928.0,2.8565938131951074,1.503619336729798
286,1.0,1.0,10,100,1,923.3274434479396,928.0,2.342360859227018,1.0310445719996129
287,1.0,1.0,10,100,10,924.061201819476,928.0,1.8512748454047807,0.8167239784640465
288,1.0,1.0,10,100,100,920.5303945266336,928.0,2.9767844398350274,1.4330144156232407
289,1.0,10.0,0,0,1,920.9001776640844,928.0,2.316331528744522,0.8422299983869529
290,1.0,10.0,0,0,10,629.7439361073159,927.7,226.28551456918763,39.45954665259874
291,1.0,10.0,0,0,100,615.6168702674111,927.8,235.18176011657965,41.537130950809896
292,1.0,10.0,0,1,1,657.0441970537023,927.9,218.5917332437537,33.50344172330616
293,1.0,10.0,0,1,10,919.5908422884088,928.0,3.935934678496215,1.7307533959683588
294,1.0,10.0,0,1,100,648.341453971728,928.0,214.49409596307527,32.549861306342834
295,1.0,10.0,0,10,1,924.6796792963612,928.0,1.6282988233629023,0.9995471568155896
296,1.0,10.0,0,10,10,919.8944561838114,928.0,3.682215478521161,1.425270040036547
297,1.0,10.0,0,10,100,634.8881348468686,927.8,224.9041933568378,32.703810154545096
298,1.0,10.0,0,100,1,614.0679566499887,927.8,233.529150600264,37.88951727286981
299,1.0,10.0,0,100,10,920.4445200951152,928.0,4.00179525641875,1.1777989272070852
300,1.0,10.0,0,100,100,917.4943163090364,928.0,3.975939295452506,2.261059948118425
301,1.0,10.0,1,0,1,629.8446776772728,927.9,226.00129976656427,42.93564222611967
302,1.0,10.0,1,0,10,922.5676350322126,928.0,2.3644643758367745,1.2625820194490776
303,1.0,10.0,1,0,100,917.1244026830632,928.0,4.279899471921334,2.6443356814371834
304,1.0,10.0,1,1,1,632.6871702456422,926.7,229.13406816949416,33.673170250539606
305,1.0,10.0,1,1,10,918.423304730888,928.0,3.540032725241502,1.2467435088958214
306,1.0,10.0,1,1,100,923.032116400626,928.0,2.5789426092292222,1.889575360305189
307,1.0,10.0,1,10,1,924.2267888904136,928.0,2.2222222222222223,0.9162456945817022
308,1.0,10.0,1,10,10,921.6891115935748,928.0,2.849067928089777,1.531348652265855
309,1.0,10.0,1,10,100,921.581927974097,928.0,2.9557468689256337,1.165103842781626
310,1.0,10.0,1,100,1,914.895358792353,928.0,4.971246087758884,1.968117784183108
311,1.0,10.0,1,100,10,920.9601597288536,928.0,3.4665404194159235,1.3545536282225203
312,1.0,10.0,1,100,100,646.680786743719,927.8,218.81276816747595,52.03926422754464
313,1.0,10.0,5,0,1,926.7607838982434,928.0,1.0035438078809478,0.6013681283030552
314,1.0,10.0,5,0,10,923.4759968822104,928.0,2.3419565542387755,1.0991298795093705
315,1.0,10.0,5,0,100,624.7766698436346,927.8,217.4027287799842,22.87046304568696
316,1.0,10.0,5,1,1,924.0571815045048,928.0,1.820331108495969,0.9178197776529698
317,1.0,10.0,5,1,10,916.4381864527004,928.0,5.341149367973603,2.0122517986652726
318,1.0,10.0,5,1,100,642.3607169093973,927.7,217.6035907760424,32.17629567927858
319,1.0,10.0,5,10,1,657.6924013215214,927.5,183.92617674368148,52.81058190436412
320,1.0,10.0,5,10,10,922.2969777040478,928.0,2.577777777777778,1.085027165842996
321,1.0,10.0,5,10,100,922.0753867163556,928.0,2.475371418722534,1.0644098607781185
322,1.0,10.0,5,100,1,661.8487094079239,927.8,214.7817323810495,38.20761347004719
323,1.0,10.0,5,100,10,650.367444193534,927.7,230.7579072616734,46.94754673942867
324,1.0,10.0,5,100,100,629.666006730798,927.9,231.68390853123967,49.68948395042533
325,1.0,10.0,10,0,1,915.2553146940344,928.0,5.105550193015557,1.5070909900781118
326,1.0,10.0,10,0,10,636.9389912793677,927.9,217.2033139003753,45.07644220725751
327,1.0,10.0,10,0,100,919.9005974920822,928.0,3.4673022199972725,1.27199544806095
328,1.0,10.0,10,1,1,923.501047890472,928.0,1.7265712560919793,0.7577210707311693
329,1.0,10.0,10,1,10,921.5112717859496,928.0,3.840168519065272,1.344960943398656
330,1.0,10.0,10,1,100,919.840657002774,928.0,2.957724801628953,1.448116738687588
331,1.0,10.0,10,10,1,634.2314722004922,927.5,225.60806393356103,45.0119203943437
332,1.0,10.0,10,10,10,922.7028798020308,928.0,2.038998796350546,0.9406915430167488
333,1.0,10.0,10,10,100,923.519524807968,928.0,1.8253957267915049,0.823091294678668
334,1.0,10.0,10,100,1,612.0275072168091,927.7,230.57508366243275,32.511043263533765
335,1.0,10.0,10,100,10,922.714151643257,928.0,2.241293909394263,1.0053478807839098
336,1.0,10.0,10,100,100,923.6237265381228,928.0,1.8044674934152447,1.1228652785888649
337,1.0,100.0,0,0,1,643.0787394428461,927.7,224.66669846882004,41.2906229750673
338,1.0,100.0,0,0,10,923.4043366561516,928.0,1.8824788909491144,0.99920703418767
339,1.0,100.0,0,0,100,628.7180180761346,927.8,220.19499760734783,31.26639899830485
340,1.0,100.0,0,1,1,590.2175288727071,927.6,238.19940721507768,41.032353462084224
341,1.0,100.0,0,1,10,923.4201966833408,928.0,2.378000592836328,1.1683936782977573
342,1.0,100.0,0,1,100,673.7663570357296,928.0,202.4577311628189,49.909023942110814
343,1.0,100.0,0,10,1,654.8646905289972,927.7,207.24349857421703,52.37712878590737
344,1.0,100.0,0,10,10,659.7517988534566,927.9,211.9892744961724,39.37175514698885
345,1.0,100.0,0,10,100,610.682063952445,927.6,228.655841438386,45.42397161249632
346,1.0,100.0,0,100,1,924.6303271907852,928.0,1.5418168334957358,0.9029663113427344
347,1.0,100.0,0,100,10,923.1282545899736,928.0,2.4053987066874427,1.1278775352769776
348,1.0,100.0,0,100,100,922.7431489658906,928.0,2.397873913377388,1.002289385843986
349,1.0,100.0,1,0,1,654.2001411974529,927.9,216.2739727789676,52.99550022686246
350,1.0,100.0,1,0,10,644.0584696536972,927.9,207.6009172263838,45.08148974234253
351,1.0,100.0,1,0,100,921.1271667161436,928.0,3.7639741393522215,1.2897469968062183
352,1.0,100.0,1,1,1,923.9669134438576,928.0,1.9897269782476683,0.8395183634724191
353,1.0,100.0,1,1,10,920.911188273732,928.0,3.2666666666666666,1.271918935222594
354,1.0,100.0,1,1,100,651.5704970523618,927.4,211.50728977818096,49.98303264162921
355,1.0,100.0,1,10,1,920.9345448627832,928.0,3.668013372286703,1.5483394488809106
356,1.0,100.0,1,10,10,630.771256960054,927.9,233.52333038026853,42.82257051226968
357,1.0,100.0,1,10,100,922.3090825803948,928.0,2.7099878257507264,1.3559173540483331
358,1.0,100.0,1,100,1,922.617643198636,928.0,2.9145516478722224,1.2096413674968618
359,1.0,100.0,1,100,10,656.703563514912,927.9,213.1811634406453,37.29317799694298
360,1.0,100.0,1,100,100,638.0624458145019,927.7,221.9974193171041,38.82873583335984
361,1.0,100.0,5,0,1,924.1613396370834,928.0,1.5641059490729567,1.2432093592320412
362,1.0,100.0,5,0,10,925.0511915125282,928.0,2.0943144402424307,0.8862838390408215
363,1.0,100.0,5,0,100,924.2860511292736,928.0,2.461806134731793,1.0300299604984058
364,1.0,100.0,5,1,1,921.4165228971702,928.0,2.375890516246094,1.7321784324938525
365,1.0,100.0,5,1,10,921.6391760827912,928.0,2.472447917369466,1.1088839126599128
366,1.0,100.0,5,1,100,648.8135399742707,927.8,222.50550074398865,37.08600532228132
367,1.0,100.0,5,10,1,921.3737465994494,928.0,2.359355230668549,0.8558067781426666
368,1.0,100.0,5,10,10,924.4515905479196,928.0,1.5685249463040047,0.8619232067648911
369,1.0,100.0,5,10,100,636.3257639871287,927.5,223.60052654131573,37.36030058408573
370,1.0,100.0,5,100,1,923.1691398221508,928.0,2.486646844662993,2.5368084407424725
371,1.0,100.0,5,100,10,918.1751374013718,928.0,3.636070110554152,2.011890154800492
372,1.0,100.0,5,100,100,923.3006728938286,928.0,2.656862352396154,1.0344607277329094
373,1.0,100.0,10,0,1,920.2132553204452,928.0,2.725119578252962,1.7273264666203838
374,1.0,100.0,10,0,10,920.2661999849696,928.0,3.035282274211033,1.436501962685872
375,1.0,100.0,10,0,100,921.5866540172324,928.0,2.7315899232233813,1.1860840245065074
376,1.0,100.0,10,1,1,923.1905130930944,928.0,2.6295486222159044,1.2540435357238582
377,1.0,100.0,10,1,10,651.6637451339551,927.0,210.9351308991157,55.89035898544946
378,1.0,100.0,10,1,100,634.9010980682518,927.5,225.46918951277604,39.97142584881285
379,1.0,100.0,10,10,1,641.957026762157,927.5,220.83832046614629,40.35967741355345
380,1.0,100.0,10,10,10,922.4572745519764,928.0,2.4,0.9977753031397176
381,1.0,100.0,10,10,100,650.5011566343549,927.9,216.93329970717835,44.02602969987376
382,1.0,100.0,10,100,1,922.3162278272824,928.0,2.688794210006627,2.060731019047391
383,1.0,100.0,10,100,10,922.5880563774648,928.0,2.564765310954649,1.196676639779242
384,1.0,100.0,10,100,100,918.7616064758045,928.0,5.377051333163071,1.4353118147455377
385,10.0,0.1,0,0,1,924.2793748241278,928.0,1.564408879587463,0.9403077631642388
386,10.0,0.1,0,0,10,913.0072495837284,928.0,7.134443098050889,2.484428442318419
387,10.0,0.1,0,0,100,919.1566946400476,928.0,3.4945726282421186,1.103661716658353
388,10.0,0.1,0,1,1,921.505654831744,928.0,2.817250523854231,1.2652667262353563
389,10.0,0.1,0,1,10,648.4023096756656,928.0,223.337379761408,47.77441158671033
390,10.0,0.1,0,1,100,923.194954492698,928.0,2.462426602755899,1.8145066576709048
391,10.0,0.1,0,10,1,634.6559855219895,927.1,224.39318867713337,42.46253701042616
392,10.0,0.1,0,10,10,618.0234407446607,927.4,231.17652131441469,35.17645641175344
393,10.0,0.1,0,10,100,922.5549296987334,928.0,2.555555555555556,1.184258897286598
394,10.0,0.1,0,100,1,918.8433934776958,928.0,5.241205112318282,1.2052270604307729
395,10.0,0.1,0,100,10,923.8193823112456,928.0,2.429534836481821,0.9992097126409089
396,10.0,0.1,0,100,100,626.3078639069879,927.5,229.2557357482721,40.46522817937914
397,10.0,0.1,1,0,1,916.0784395097422,928.0,6.454556753671819,2.3677710634501983
398,10.0,0.1,1,0,10,583.3904792666598,927.4,230.5406720718753,38.6288455411024
399,10.0,0.1,1,0,100,648.361307240469,928.0,217.09332302199005,28.19813501555373
400,10.0,0.1,1,1,1,637.0205512888494,927.5,230.76122752995013,41.39007190211852
401,10.0,0.1,1,1,10,918.92648899777,928.0,5.660618524150798,2.272728971957712
402,10.0,0.1,1,1,100,602.3570122694875,927.3,235.72030524141567,35.83025480066097
403,10.0,0.1,1,10,1,622.9895069098582,927.8,240.7836160507184,41.80988672893986
404,10.0,0.1,1,10,10,923.7116902924154,928.0,2.1465802434765364,0.8938755005680911
405,10.0,0.1,1,10,100,667.3999886276088,928.0,204.33444702325755,49.71521668678884
406,10.0,0.1,1,100,1,922.6503261020546,928.0,3.500408092988186,1.3876913598133422
407,10.0,0.1,1,100,10,924.299598781842,928.0,2.18883752933244,0.8616214746465222
408,10.0,0.1,1,100,100,921.4041048020748,928.0,2.6549624870571424,1.7002540526846197
409,10.0,0.1,5,0,1,608.2404226986807,927.3,223.54922574423665,36.91993208711562
410,10.0,0.1,5,0,10,605.854856177699,927.7,230.8143980203822,35.383537390870394
411,10.0,0.1,5,0,100,919.437703870112,927.1,3.917492871533294,2.235182956412169
412,10.0,0.1,5,1,1,924.3312992095184,928.0,2.328784519282433,0.9409787840398464
413,10.0,0.1,5,1,10,922.507963163358,928.0,1.9535508392782768,1.0470330380856208
414,10.0,0.1,5,1,100,627.1601038004494,927.5,226.64789189499868,42.90076072885692
415,10.0,0.1,5,10,1,919.1458663437736,928.0,3.700624932835404,1.5551521331307177
416,10.0,0.1,5,10,10,917.3246353690377,928.0,5.690742740873507,1.7643475751149345
417,10.0,0.1,5,10,100,922.8768269182132,928.0,3.2627008076089687,1.8154957553212845
418,10.0,0.1,5,100,1,922.33199029683,928.0,2.298077079979079,1.0508833281875385
419,10.0,0.1,5,100,10,919.0046430079186,928.0,3.707603181279613,1.880599593968346
420,10.0,0.1,5,100,100,922.2410717585472,928.0,2.3355082688103894,1.0652956174336388
421,10.0,0.1,10,0,1,649.5963725265444,927.4,215.62093335790948,36.08084618167284
422,10.0,0.1,10,0,10,919.1912208057508,928.0,3.488888888888889,1.8211378887598115
423,10.0,0.1,10,0,100,921.2036363814284,927.2,3.564459497568911,1.31561443325163
424,10.0,0.1,10,1,1,923.5130206625068,928.0,2.122376749653647,0.9123652830425678
425,10.0,0.1,10,1,10,674.5968666691678,927.8,202.7055419353228,42.27160134930043
426,10.0,0.1,10,1,100,922.8165813459076,928.0,1.6956854260925232,0.6522256667656233
427,10.0,0.1,10,10,1,922.1550473319083,928.0,2.0487703618218807,1.003988113577997
428,10.0,0.1,10,10,10,632.9337306757409,927.7,222.21708789923835,26.090085970756768
429,10.0,0.1,10,10,100,923.999067211169,928.0,1.734118083631158,0.9573214740265462
430,10.0,0.1,10,100,1,624.2191866255457,927.9,235.8723759458625,35.95294120484049
431,10.0,0.1,10,100,10,923.140110358236,928.0,2.821813858498156,1.1001136417550064
432,10.0,0.1,10,100,100,918.9590284045772,928.0,2.8260924252869395,0.9719431093888636
433,10.0,1.0,0,0,1,618.8922844805547,927.6,225.3178879334112,26.21202578231668
434,10.0,1.0,0,0,10,924.3028841812944,928.0,1.3855482017358822,1.655749577033168
435,10.0,1.0,0,0,100,919.5568191908764,928.0,4.71787559523871,2.434814890774718
436,10.0,1.0,0,1,1,620.3190961757263,927.9,230.6921722133844,36.16126694645464
437,10.0,1.0,0,1,10,625.1130498962787,927.7,227.3499698203109,30.09798864948877
438,10.0,1.0,0,1,100,636.9995024032468,927.8,216.94368392242143,38.5202508285516
439,10.0,1.0,0,10,1,917.674994731522,928.0,4.791490559494752,1.9613092569916848
440,10.0,1.0,0,10,10,923.7245844086026,928.0,2.587896602397992,1.2812644838908067
441,10.0,1.0,0,10,100,922.4579148163124,928.0,3.3348619293914434,1.5525546750387216
442,10.0,1.0,0,100,1,641.3457412297042,927.1,213.6407424815025,38.37803664883902
443,10.0,1.0,0,100,10,923.6114499278252,928.0,2.059088443647912,0.837963875361763
444,10.0,1.0,0,100,100,626.6294567323619,927.7,230.06946223349308,36.1035403470003
